case_id,equipment_type,equipment_id,location,complaint,symptoms,previous_action,root_cause,resolution,cost,repair_time,urgency,technician_notes,status
CASE-0001,Water Pump,WATER-PUMP-08,Hostel Block A,Water pump making loud noise,Grinding sound while pump is running,Inspected pump motor and bearings,Worn motor bearing,Replaced the damaged bearing,1800,2 hours,Medium,Noise disappeared after bearing replacement,Resolved
CASE-0002,AC,AC-12,Hostel Block B,AC is not cooling properly,Room remains warm even after running AC for 30 minutes,Checked thermostat and cleaned outer unit,Clogged air filter,Cleaned and replaced the air filter,500,1 hour,Medium,Airflow improved after filter replacement,Resolved
CASE-0003,Generator,GENERATOR-20,Administrative Block,Generator producing unusual vibration,Strong vibration and abnormal sound during operation,Inspected engine mounting,Loose engine mounting bolts,Tightened engine mounting bolts,1000,1 hour,Medium,Vibration reduced significantly after tightening,Resolved
CASE-0004,AC,AC-06,Laboratory Building,AC leaking water,Water dripping from indoor AC unit,Checked drain pipe,Blocked condensate drain,Flushed and cleaned the condensate drain pipe,600,1 hour,High,Drainage restored after cleaning,Resolved
CASE-0005,AC,AC-08,Library,AC leaking water,Water dripping from indoor AC unit,Checked drain pipe,Blocked condensate drain,Flushed and cleaned the condensate drain pipe,600,1 hour,High,Drainage restored after cleaning,Resolved
CASE-0006,Generator,GENERATOR-05,Main Auditorium,Generator producing unusual vibration,Strong vibration and abnormal sound during operation,Inspected engine mounting,Loose engine mounting bolts,Tightened engine mounting bolts,1000,1 hour,Medium,Vibration reduced significantly after tightening,Resolved
CASE-0007,Generator,GENERATOR-08,Engineering Block,Generator shuts down during operation,Generator stops after running for several minutes,Checked fuel supply and engine temperature,Engine overheating,Cleaned cooling system and checked coolant level,2500,2 hours,High,Temperature returned to normal after cooling system service,Resolved
CASE-0008,AC,AC-10,Library,AC is not cooling properly,Room remains warm even after running AC for 30 minutes,Checked thermostat and cleaned outer unit,Clogged air filter,Cleaned and replaced the air filter,500,1 hour,Medium,Airflow improved after filter replacement,Resolved
CASE-0009,Elevator,ELEVATOR-09,Administrative Block,Elevator making unusual noise,Grinding noise while elevator is moving,Inspected guide rails and moving components,Insufficient rail lubrication,Lubricated guide rails and checked alignment,1500,2 hours,Medium,Noise reduced after lubrication,Resolved
CASE-0010,Generator,GENERATOR-17,Hostel Block A,Generator is not starting,Generator cranks but does not start,Checked fuel level and battery,Weak battery,Charged and replaced the battery,3500,2 hours,High,Generator started normally after battery replacement,Resolved
CASE-0011,AC,AC-20,Library,AC making unusual noise,Loud rattling noise from indoor unit,Inspected indoor unit and fan,Loose fan component,Tightened fan assembly and checked mounting,800,1.5 hours,Medium,Noise stopped after tightening the fan assembly,Resolved
CASE-0012,Elevator,ELEVATOR-19,Hostel Block B,Elevator making unusual noise,Grinding noise while elevator is moving,Inspected guide rails and moving components,Insufficient rail lubrication,Lubricated guide rails and checked alignment,1500,2 hours,Medium,Noise reduced after lubrication,Resolved
CASE-0013,AC,AC-15,Hostel Block A,AC leaking water,Water dripping from indoor AC unit,Checked drain pipe,Blocked condensate drain,Flushed and cleaned the condensate drain pipe,600,1 hour,High,Drainage restored after cleaning,Resolved
CASE-0014,Water Pump,WATER-PUMP-11,Computer Science Block,Water pressure is very low,Pump runs but water flow is weak,Checked inlet pipe and valve,Clogged inlet filter,Cleaned the inlet filter,700,1 hour,Medium,Water pressure improved after filter cleaning,Resolved
CASE-0015,Generator,GENERATOR-06,Hostel Block A,Generator is not starting,Generator cranks but does not start,Checked fuel level and battery,Weak battery,Charged and replaced the battery,3500,2 hours,High,Generator started normally after battery replacement,Resolved
CASE-0016,Generator,GENERATOR-16,Computer Science Block,Generator is not starting,Generator cranks but does not start,Checked fuel level and battery,Weak battery,Charged and replaced the battery,3500,2 hours,High,Generator started normally after battery replacement,Resolved
CASE-0017,AC,AC-18,Library,AC making unusual noise,Loud rattling noise from indoor unit,Inspected indoor unit and fan,Loose fan component,Tightened fan assembly and checked mounting,800,1.5 hours,Medium,Noise stopped after tightening the fan assembly,Resolved
CASE-0018,Generator,GENERATOR-08,Laboratory Building,Generator is not starting,Generator cranks but does not start,Checked fuel level and battery,Weak battery,Charged and replaced the battery,3500,2 hours,High,Generator started normally after battery replacement,Resolved
CASE-0019,Generator,GENERATOR-15,Hostel Block A,Generator producing unusual vibration,Strong vibration and abnormal sound during operation,Inspected engine mounting,Loose engine mounting bolts,Tightened engine mounting bolts,1000,1 hour,Medium,Vibration reduced significantly after tightening,Resolved
CASE-0020,AC,AC-12,Main Auditorium,AC is not cooling properly,Room remains warm even after running AC for 30 minutes,Checked thermostat and cleaned outer unit,Clogged air filter,Cleaned and replaced the air filter,500,1 hour,Medium,Airflow improved after filter replacement,Resolved
CASE-0021,Water Pump,WATER-PUMP-06,Laboratory Building,Water pressure is very low,Pump runs but water flow is weak,Checked inlet pipe and valve,Clogged inlet filter,Cleaned the inlet filter,700,1 hour,Medium,Water pressure improved after filter cleaning,Resolved
CASE-0022,Water Pump,WATER-PUMP-13,Hostel Block A,Water pressure is very low,Pump runs but water flow is weak,Checked inlet pipe and valve,Clogged inlet filter,Cleaned the inlet filter,700,1 hour,Medium,Water pressure improved after filter cleaning,Resolved
CASE-0023,Water Pump,WATER-PUMP-02,Administrative Block,Water pressure is very low,Pump runs but water flow is weak,Checked inlet pipe and valve,Clogged inlet filter,Cleaned the inlet filter,700,1 hour,Medium,Water pressure improved after filter cleaning,Resolved
CASE-0024,Elevator,ELEVATOR-02,Administrative Block,Elevator doors are not closing,Doors remain open or repeatedly reopen,Checked door sensor and tracks,Dirty door sensor,Cleaned and recalibrated the door sensor,900,1 hour,High,Doors operated normally after sensor cleaning,Resolved
CASE-0025,Water Pump,WATER-PUMP-02,Hostel Block A,Water pump making loud noise,Grinding sound while pump is running,Inspected pump motor and bearings,Worn motor bearing,Replaced the damaged bearing,1800,2 hours,Medium,Noise disappeared after bearing replacement,Resolved
CASE-0026,Water Pump,WATER-PUMP-08,Main Auditorium,Water pump is not working,Pump does not start when switched on,Checked power supply and control switch,Electrical connection failure,Repaired the electrical connection,1200,1.5 hours,High,Pump started normally after electrical repair,Resolved
CASE-0027,Water Pump,WATER-PUMP-15,Hostel Block B,Water pump is not working,Pump does not start when switched on,Checked power supply and control switch,Electrical connection failure,Repaired the electrical connection,1200,1.5 hours,High,Pump started normally after electrical repair,Resolved
CASE-0028,Generator,GENERATOR-13,Engineering Block,Generator producing unusual vibration,Strong vibration and abnormal sound during operation,Inspected engine mounting,Loose engine mounting bolts,Tightened engine mounting bolts,1000,1 hour,Medium,Vibration reduced significantly after tightening,Resolved
CASE-0029,Elevator,ELEVATOR-09,Administrative Block,Elevator stops between floors,Elevator stops unexpectedly before reaching the selected floor,Checked control panel and safety circuit,Faulty door interlock sensor,Replaced the faulty door interlock sensor,4500,3 hours,Critical,Elevator tested across multiple floors after repair,Resolved
CASE-0030,Elevator,ELEVATOR-03,Hostel Block B,Elevator doors are not closing,Doors remain open or repeatedly reopen,Checked door sensor and tracks,Dirty door sensor,Cleaned and recalibrated the door sensor,900,1 hour,High,Doors operated normally after sensor cleaning,Resolved
CASE-0031,Generator,GENERATOR-05,Hostel Block A,Generator producing unusual vibration,Strong vibration and abnormal sound during operation,Inspected engine mounting,Loose engine mounting bolts,Tightened engine mounting bolts,1000,1 hour,Medium,Vibration reduced significantly after tightening,Resolved
CASE-0032,Elevator,ELEVATOR-05,Computer Science Block,Elevator doors are not closing,Doors remain open or repeatedly reopen,Checked door sensor and tracks,Dirty door sensor,Cleaned and recalibrated the door sensor,900,1 hour,High,Doors operated normally after sensor cleaning,Resolved
CASE-0033,Generator,GENERATOR-07,Hostel Block A,Generator is not starting,Generator cranks but does not start,Checked fuel level and battery,Weak battery,Charged and replaced the battery,3500,2 hours,High,Generator started normally after battery replacement,Resolved
CASE-0034,Generator,GENERATOR-17,Hostel Block B,Generator producing unusual vibration,Strong vibration and abnormal sound during operation,Inspected engine mounting,Loose engine mounting bolts,Tightened engine mounting bolts,1000,1 hour,Medium,Vibration reduced significantly after tightening,Resolved
CASE-0035,AC,AC-03,Hostel Block A,AC is not cooling properly,Room remains warm even after running AC for 30 minutes,Checked thermostat and cleaned outer unit,Clogged air filter,Cleaned and replaced the air filter,500,1 hour,Medium,Airflow improved after filter replacement,Resolved
CASE-0036,Generator,GENERATOR-01,Hostel Block A,Generator is not starting,Generator cranks but does not start,Checked fuel level and battery,Weak battery,Charged and replaced the battery,3500,2 hours,High,Generator started normally after battery replacement,Resolved
CASE-0037,Water Pump,WATER-PUMP-13,Main Auditorium,Water pump is not working,Pump does not start when switched on,Checked power supply and control switch,Electrical connection failure,Repaired the electrical connection,1200,1.5 hours,High,Pump started normally after electrical repair,Resolved
CASE-0038,Elevator,ELEVATOR-16,Library,Elevator doors are not closing,Doors remain open or repeatedly reopen,Checked door sensor and tracks,Dirty door sensor,Cleaned and recalibrated the door sensor,900,1 hour,High,Doors operated normally after sensor cleaning,Resolved
CASE-0039,Water Pump,WATER-PUMP-12,Computer Science Block,Water pressure is very low,Pump runs but water flow is weak,Checked inlet pipe and valve,Clogged inlet filter,Cleaned the inlet filter,700,1 hour,Medium,Water pressure improved after filter cleaning,Resolved
CASE-0040,Generator,GENERATOR-10,Main Auditorium,Generator shuts down during operation,Generator stops after running for several minutes,Checked fuel supply and engine temperature,Engine overheating,Cleaned cooling system and checked coolant level,2500,2 hours,High,Temperature returned to normal after cooling system service,Resolved
CASE-0041,Water Pump,WATER-PUMP-20,Main Auditorium,Water pump making loud noise,Grinding sound while pump is running,Inspected pump motor and bearings,Worn motor bearing,Replaced the damaged bearing,1800,2 hours,Medium,Noise disappeared after bearing replacement,Resolved
CASE-0042,Generator,GENERATOR-18,Library,Generator producing unusual vibration,Strong vibration and abnormal sound during operation,Inspected engine mounting,Loose engine mounting bolts,Tightened engine mounting bolts,1000,1 hour,Medium,Vibration reduced significantly after tightening,Resolved
CASE-0043,Water Pump,WATER-PUMP-03,Engineering Block,Water pump making loud noise,Grinding sound while pump is running,Inspected pump motor and bearings,Worn motor bearing,Replaced the damaged bearing,1800,2 hours,Medium,Noise disappeared after bearing replacement,Resolved
CASE-0044,Water Pump,WATER-PUMP-07,Library,Water pump is not working,Pump does not start when switched on,Checked power supply and control switch,Electrical connection failure,Repaired the electrical connection,1200,1.5 hours,High,Pump started normally after electrical repair,Resolved
CASE-0045,Generator,GENERATOR-04,Laboratory Building,Generator shuts down during operation,Generator stops after running for several minutes,Checked fuel supply and engine temperature,Engine overheating,Cleaned cooling system and checked coolant level,2500,2 hours,High,Temperature returned to normal after cooling system service,Resolved
CASE-0046,AC,AC-15,Main Auditorium,AC is not cooling properly,Room remains warm even after running AC for 30 minutes,Checked thermostat and cleaned outer unit,Clogged air filter,Cleaned and replaced the air filter,500,1 hour,Medium,Airflow improved after filter replacement,Resolved
CASE-0047,Water Pump,WATER-PUMP-19,Main Auditorium,Water pressure is very low,Pump runs but water flow is weak,Checked inlet pipe and valve,Clogged inlet filter,Cleaned the inlet filter,700,1 hour,Medium,Water pressure improved after filter cleaning,Resolved
CASE-0048,Generator,GENERATOR-06,Hostel Block A,Generator is not starting,Generator cranks but does not start,Checked fuel level and battery,Weak battery,Charged and replaced the battery,3500,2 hours,High,Generator started normally after battery replacement,Resolved
CASE-0049,Water Pump,WATER-PUMP-08,Engineering Block,Water pump is not working,Pump does not start when switched on,Checked power supply and control switch,Electrical connection failure,Repaired the electrical connection,1200,1.5 hours,High,Pump started normally after electrical repair,Resolved
CASE-0050,Water Pump,WATER-PUMP-12,Administrative Block,Water pump making loud noise,Grinding sound while pump is running,Inspected pump motor and bearings,Worn motor bearing,Replaced the damaged bearing,1800,2 hours,Medium,Noise disappeared after bearing replacement,Resolved
CASE-0051,AC,AC-13,Engineering Block,AC making unusual noise,Loud rattling noise from indoor unit,Inspected indoor unit and fan,Loose fan component,Tightened fan assembly and checked mounting,800,1.5 hours,Medium,Noise stopped after tightening the fan assembly,Resolved
CASE-0052,Water Pump,WATER-PUMP-06,Laboratory Building,Water pressure is very low,Pump runs but water flow is weak,Checked inlet pipe and valve,Clogged inlet filter,Cleaned the inlet filter,700,1 hour,Medium,Water pressure improved after filter cleaning,Resolved
CASE-0053,Elevator,ELEVATOR-18,Computer Science Block,Elevator doors are not closing,Doors remain open or repeatedly reopen,Checked door sensor and tracks,Dirty door sensor,Cleaned and recalibrated the door sensor,900,1 hour,High,Doors operated normally after sensor cleaning,Resolved
CASE-0054,Water Pump,WATER-PUMP-11,Laboratory Building,Water pump is not working,Pump does not start when switched on,Checked power supply and control switch,Electrical connection failure,Repaired the electrical connection,1200,1.5 hours,High,Pump started normally after electrical repair,Resolved
CASE-0055,Water Pump,WATER-PUMP-10,Hostel Block A,Water pressure is very low,Pump runs but water flow is weak,Checked inlet pipe and valve,Clogged inlet filter,Cleaned the inlet filter,700,1 hour,Medium,Water pressure improved after filter cleaning,Resolved
CASE-0056,AC,AC-17,Computer Science Block,AC leaking water,Water dripping from indoor AC unit,Checked drain pipe,Blocked condensate drain,Flushed and cleaned the condensate drain pipe,600,1 hour,High,Drainage restored after cleaning,Resolved
CASE-0057,Generator,GENERATOR-05,Laboratory Building,Generator shuts down during operation,Generator stops after running for several minutes,Checked fuel supply and engine temperature,Engine overheating,Cleaned cooling system and checked coolant level,2500,2 hours,High,Temperature returned to normal after cooling system service,Resolved
CASE-0058,Generator,GENERATOR-04,Laboratory Building,Generator is not starting,Generator cranks but does not start,Checked fuel level and battery,Weak battery,Charged and replaced the battery,3500,2 hours,High,Generator started normally after battery replacement,Resolved
CASE-0059,AC,AC-16,Library,AC leaking water,Water dripping from indoor AC unit,Checked drain pipe,Blocked condensate drain,Flushed and cleaned the condensate drain pipe,600,1 hour,High,Drainage restored after cleaning,Resolved
CASE-0060,AC,AC-17,Main Auditorium,AC making unusual noise,Loud rattling noise from indoor unit,Inspected indoor unit and fan,Loose fan component,Tightened fan assembly and checked mounting,800,1.5 hours,Medium,Noise stopped after tightening the fan assembly,Resolved
CASE-0061,Elevator,ELEVATOR-20,Library,Elevator making unusual noise,Grinding noise while elevator is moving,Inspected guide rails and moving components,Insufficient rail lubrication,Lubricated guide rails and checked alignment,1500,2 hours,Medium,Noise reduced after lubrication,Resolved
CASE-0062,Elevator,ELEVATOR-10,Main Auditorium,Elevator doors are not closing,Doors remain open or repeatedly reopen,Checked door sensor and tracks,Dirty door sensor,Cleaned and recalibrated the door sensor,900,1 hour,High,Doors operated normally after sensor cleaning,Resolved
CASE-0063,Water Pump,WATER-PUMP-05,Laboratory Building,Water pump is not working,Pump does not start when switched on,Checked power supply and control switch,Electrical connection failure,Repaired the electrical connection,1200,1.5 hours,High,Pump started normally after electrical repair,Resolved
CASE-0064,Elevator,ELEVATOR-16,Laboratory Building,Elevator stops between floors,Elevator stops unexpectedly before reaching the selected floor,Checked control panel and safety circuit,Faulty door interlock sensor,Replaced the faulty door interlock sensor,4500,3 hours,Critical,Elevator tested across multiple floors after repair,Resolved
CASE-0065,Generator,GENERATOR-18,Hostel Block A,Generator shuts down during operation,Generator stops after running for several minutes,Checked fuel supply and engine temperature,Engine overheating,Cleaned cooling system and checked coolant level,2500,2 hours,High,Temperature returned to normal after cooling system service,Resolved
CASE-0066,Elevator,ELEVATOR-15,Hostel Block A,Elevator doors are not closing,Doors remain open or repeatedly reopen,Checked door sensor and tracks,Dirty door sensor,Cleaned and recalibrated the door sensor,900,1 hour,High,Doors operated normally after sensor cleaning,Resolved
CASE-0067,AC,AC-01,Computer Science Block,AC is not cooling properly,Room remains warm even after running AC for 30 minutes,Checked thermostat and cleaned outer unit,Clogged air filter,Cleaned and replaced the air filter,500,1 hour,Medium,Airflow improved after filter replacement,Resolved
CASE-0068,Elevator,ELEVATOR-05,Hostel Block B,Elevator stops between floors,Elevator stops unexpectedly before reaching the selected floor,Checked control panel and safety circuit,Faulty door interlock sensor,Replaced the faulty door interlock sensor,4500,3 hours,Critical,Elevator tested across multiple floors after repair,Resolved
CASE-0069,Elevator,ELEVATOR-10,Administrative Block,Elevator doors are not closing,Doors remain open or repeatedly reopen,Checked door sensor and tracks,Dirty door sensor,Cleaned and recalibrated the door sensor,900,1 hour,High,Doors operated normally after sensor cleaning,Resolved
CASE-0070,Elevator,ELEVATOR-03,Hostel Block A,Elevator doors are not closing,Doors remain open or repeatedly reopen,Checked door sensor and tracks,Dirty door sensor,Cleaned and recalibrated the door sensor,900,1 hour,High,Doors operated normally after sensor cleaning,Resolved
CASE-0071,Elevator,ELEVATOR-09,Administrative Block,Elevator making unusual noise,Grinding noise while elevator is moving,Inspected guide rails and moving components,Insufficient rail lubrication,Lubricated guide rails and checked alignment,1500,2 hours,Medium,Noise reduced after lubrication,Resolved
CASE-0072,Water Pump,WATER-PUMP-14,Library,Water pressure is very low,Pump runs but water flow is weak,Checked inlet pipe and valve,Clogged inlet filter,Cleaned the inlet filter,700,1 hour,Medium,Water pressure improved after filter cleaning,Resolved
CASE-0073,Elevator,ELEVATOR-17,Hostel Block B,Elevator making unusual noise,Grinding noise while elevator is moving,Inspected guide rails and moving components,Insufficient rail lubrication,Lubricated guide rails and checked alignment,1500,2 hours,Medium,Noise reduced after lubrication,Resolved
CASE-0074,Generator,GENERATOR-06,Engineering Block,Generator shuts down during operation,Generator stops after running for several minutes,Checked fuel supply and engine temperature,Engine overheating,Cleaned cooling system and checked coolant level,2500,2 hours,High,Temperature returned to normal after cooling system service,Resolved
CASE-0075,Generator,GENERATOR-12,Hostel Block A,Generator producing unusual vibration,Strong vibration and abnormal sound during operation,Inspected engine mounting,Loose engine mounting bolts,Tightened engine mounting bolts,1000,1 hour,Medium,Vibration reduced significantly after tightening,Resolved
CASE-0076,AC,AC-12,Library,AC making unusual noise,Loud rattling noise from indoor unit,Inspected indoor unit and fan,Loose fan component,Tightened fan assembly and checked mounting,800,1.5 hours,Medium,Noise stopped after tightening the fan assembly,Resolved
CASE-0077,Water Pump,WATER-PUMP-01,Administrative Block,Water pressure is very low,Pump runs but water flow is weak,Checked inlet pipe and valve,Clogged inlet filter,Cleaned the inlet filter,700,1 hour,Medium,Water pressure improved after filter cleaning,Resolved
CASE-0078,Elevator,ELEVATOR-16,Computer Science Block,Elevator making unusual noise,Grinding noise while elevator is moving,Inspected guide rails and moving components,Insufficient rail lubrication,Lubricated guide rails and checked alignment,1500,2 hours,Medium,Noise reduced after lubrication,Resolved
CASE-0079,AC,AC-09,Library,AC is not cooling properly,Room remains warm even after running AC for 30 minutes,Checked thermostat and cleaned outer unit,Clogged air filter,Cleaned and replaced the air filter,500,1 hour,Medium,Airflow improved after filter replacement,Resolved
CASE-0080,Water Pump,WATER-PUMP-03,Hostel Block A,Water pump is not working,Pump does not start when switched on,Checked power supply and control switch,Electrical connection failure,Repaired the electrical connection,1200,1.5 hours,High,Pump started normally after electrical repair,Resolved
CASE-0081,AC,AC-01,Administrative Block,AC is not cooling properly,Room remains warm even after running AC for 30 minutes,Checked thermostat and cleaned outer unit,Clogged air filter,Cleaned and replaced the air filter,500,1 hour,Medium,Airflow improved after filter replacement,Resolved
CASE-0082,AC,AC-11,Hostel Block B,AC making unusual noise,Loud rattling noise from indoor unit,Inspected indoor unit and fan,Loose fan component,Tightened fan assembly and checked mounting,800,1.5 hours,Medium,Noise stopped after tightening the fan assembly,Resolved
CASE-0083,Generator,GENERATOR-14,Engineering Block,Generator shuts down during operation,Generator stops after running for several minutes,Checked fuel supply and engine temperature,Engine overheating,Cleaned cooling system and checked coolant level,2500,2 hours,High,Temperature returned to normal after cooling system service,Resolved
CASE-0084,AC,AC-16,Hostel Block A,AC leaking water,Water dripping from indoor AC unit,Checked drain pipe,Blocked condensate drain,Flushed and cleaned the condensate drain pipe,600,1 hour,High,Drainage restored after cleaning,Resolved
CASE-0085,AC,AC-02,Hostel Block B,AC making unusual noise,Loud rattling noise from indoor unit,Inspected indoor unit and fan,Loose fan component,Tightened fan assembly and checked mounting,800,1.5 hours,Medium,Noise stopped after tightening the fan assembly,Resolved
CASE-0086,Generator,GENERATOR-04,Hostel Block B,Generator producing unusual vibration,Strong vibration and abnormal sound during operation,Inspected engine mounting,Loose engine mounting bolts,Tightened engine mounting bolts,1000,1 hour,Medium,Vibration reduced significantly after tightening,Resolved
CASE-0087,Generator,GENERATOR-15,Hostel Block B,Generator shuts down during operation,Generator stops after running for several minutes,Checked fuel supply and engine temperature,Engine overheating,Cleaned cooling system and checked coolant level,2500,2 hours,High,Temperature returned to normal after cooling system service,Resolved
CASE-0088,Generator,GENERATOR-17,Engineering Block,Generator producing unusual vibration,Strong vibration and abnormal sound during operation,Inspected engine mounting,Loose engine mounting bolts,Tightened engine mounting bolts,1000,1 hour,Medium,Vibration reduced significantly after tightening,Resolved
CASE-0089,Water Pump,WATER-PUMP-04,Administrative Block,Water pressure is very low,Pump runs but water flow is weak,Checked inlet pipe and valve,Clogged inlet filter,Cleaned the inlet filter,700,1 hour,Medium,Water pressure improved after filter cleaning,Resolved
CASE-0090,Elevator,ELEVATOR-07,Library,Elevator stops between floors,Elevator stops unexpectedly before reaching the selected floor,Checked control panel and safety circuit,Faulty door interlock sensor,Replaced the faulty door interlock sensor,4500,3 hours,Critical,Elevator tested across multiple floors after repair,Resolved
CASE-0091,AC,AC-05,Main Auditorium,AC making unusual noise,Loud rattling noise from indoor unit,Inspected indoor unit and fan,Loose fan component,Tightened fan assembly and checked mounting,800,1.5 hours,Medium,Noise stopped after tightening the fan assembly,Resolved
CASE-0092,AC,AC-05,Main Auditorium,AC is not cooling properly,Room remains warm even after running AC for 30 minutes,Checked thermostat and cleaned outer unit,Clogged air filter,Cleaned and replaced the air filter,500,1 hour,Medium,Airflow improved after filter replacement,Resolved
CASE-0093,Generator,GENERATOR-02,Hostel Block B,Generator shuts down during operation,Generator stops after running for several minutes,Checked fuel supply and engine temperature,Engine overheating,Cleaned cooling system and checked coolant level,2500,2 hours,High,Temperature returned to normal after cooling system service,Resolved
CASE-0094,Generator,GENERATOR-08,Laboratory Building,Generator producing unusual vibration,Strong vibration and abnormal sound during operation,Inspected engine mounting,Loose engine mounting bolts,Tightened engine mounting bolts,1000,1 hour,Medium,Vibration reduced significantly after tightening,Resolved
CASE-0095,AC,AC-16,Administrative Block,AC is not cooling properly,Room remains warm even after running AC for 30 minutes,Checked thermostat and cleaned outer unit,Clogged air filter,Cleaned and replaced the air filter,500,1 hour,Medium,Airflow improved after filter replacement,Resolved
CASE-0096,Water Pump,WATER-PUMP-12,Main Auditorium,Water pump is not working,Pump does not start when switched on,Checked power supply and control switch,Electrical connection failure,Repaired the electrical connection,1200,1.5 hours,High,Pump started normally after electrical repair,Resolved
CASE-0097,Elevator,ELEVATOR-12,Main Auditorium,Elevator making unusual noise,Grinding noise while elevator is moving,Inspected guide rails and moving components,Insufficient rail lubrication,Lubricated guide rails and checked alignment,1500,2 hours,Medium,Noise reduced after lubrication,Resolved
CASE-0098,Water Pump,WATER-PUMP-20,Main Auditorium,Water pump is not working,Pump does not start when switched on,Checked power supply and control switch,Electrical connection failure,Repaired the electrical connection,1200,1.5 hours,High,Pump started normally after electrical repair,Resolved
CASE-0099,Water Pump,WATER-PUMP-01,Hostel Block B,Water pump making loud noise,Grinding sound while pump is running,Inspected pump motor and bearings,Worn motor bearing,Replaced the damaged bearing,1800,2 hours,Medium,Noise disappeared after bearing replacement,Resolved
CASE-0100,AC,AC-08,Administrative Block,AC making unusual noise,Loud rattling noise from indoor unit,Inspected indoor unit and fan,Loose fan component,Tightened fan assembly and checked mounting,800,1.5 hours,Medium,Noise stopped after tightening the fan assembly,Resolved
CASE-0101,Water Pump,WATER-PUMP-18,Library,Water pump is not working,Pump does not start when switched on,Checked power supply and control switch,Electrical connection failure,Repaired the electrical connection,1200,1.5 hours,High,Pump started normally after electrical repair,Resolved
CASE-0102,Generator,GENERATOR-07,Laboratory Building,Generator producing unusual vibration,Strong vibration and abnormal sound during operation,Inspected engine mounting,Loose engine mounting bolts,Tightened engine mounting bolts,1000,1 hour,Medium,Vibration reduced significantly after tightening,Resolved
CASE-0103,AC,AC-11,Administrative Block,AC is not cooling properly,Room remains warm even after running AC for 30 minutes,Checked thermostat and cleaned outer unit,Clogged air filter,Cleaned and replaced the air filter,500,1 hour,Medium,Airflow improved after filter replacement,Resolved
CASE-0104,Water Pump,WATER-PUMP-19,Library,Water pump making loud noise,Grinding sound while pump is running,Inspected pump motor and bearings,Worn motor bearing,Replaced the damaged bearing,1800,2 hours,Medium,Noise disappeared after bearing replacement,Resolved
CASE-0105,Water Pump,WATER-PUMP-07,Hostel Block A,Water pressure is very low,Pump runs but water flow is weak,Checked inlet pipe and valve,Clogged inlet filter,Cleaned the inlet filter,700,1 hour,Medium,Water pressure improved after filter cleaning,Resolved
CASE-0106,Water Pump,WATER-PUMP-02,Hostel Block A,Water pressure is very low,Pump runs but water flow is weak,Checked inlet pipe and valve,Clogged inlet filter,Cleaned the inlet filter,700,1 hour,Medium,Water pressure improved after filter cleaning,Resolved
CASE-0107,Elevator,ELEVATOR-02,Engineering Block,Elevator stops between floors,Elevator stops unexpectedly before reaching the selected floor,Checked control panel and safety circuit,Faulty door interlock sensor,Replaced the faulty door interlock sensor,4500,3 hours,Critical,Elevator tested across multiple floors after repair,Resolved
CASE-0108,AC,AC-06,Computer Science Block,AC leaking water,Water dripping from indoor AC unit,Checked drain pipe,Blocked condensate drain,Flushed and cleaned the condensate drain pipe,600,1 hour,High,Drainage restored after cleaning,Resolved
CASE-0109,Generator,GENERATOR-17,Administrative Block,Generator producing unusual vibration,Strong vibration and abnormal sound during operation,Inspected engine mounting,Loose engine mounting bolts,Tightened engine mounting bolts,1000,1 hour,Medium,Vibration reduced significantly after tightening,Resolved
CASE-0110,AC,AC-11,Hostel Block B,AC making unusual noise,Loud rattling noise from indoor unit,Inspected indoor unit and fan,Loose fan component,Tightened fan assembly and checked mounting,800,1.5 hours,Medium,Noise stopped after tightening the fan assembly,Resolved
CASE-0111,Generator,GENERATOR-20,Administrative Block,Generator shuts down during operation,Generator stops after running for several minutes,Checked fuel supply and engine temperature,Engine overheating,Cleaned cooling system and checked coolant level,2500,2 hours,High,Temperature returned to normal after cooling system service,Resolved
CASE-0112,Elevator,ELEVATOR-07,Library,Elevator doors are not closing,Doors remain open or repeatedly reopen,Checked door sensor and tracks,Dirty door sensor,Cleaned and recalibrated the door sensor,900,1 hour,High,Doors operated normally after sensor cleaning,Resolved
CASE-0113,Water Pump,WATER-PUMP-16,Laboratory Building,Water pressure is very low,Pump runs but water flow is weak,Checked inlet pipe and valve,Clogged inlet filter,Cleaned the inlet filter,700,1 hour,Medium,Water pressure improved after filter cleaning,Resolved
CASE-0114,AC,AC-07,Laboratory Building,AC making unusual noise,Loud rattling noise from indoor unit,Inspected indoor unit and fan,Loose fan component,Tightened fan assembly and checked mounting,800,1.5 hours,Medium,Noise stopped after tightening the fan assembly,Resolved
CASE-0115,Elevator,ELEVATOR-20,Laboratory Building,Elevator making unusual noise,Grinding noise while elevator is moving,Inspected guide rails and moving components,Insufficient rail lubrication,Lubricated guide rails and checked alignment,1500,2 hours,Medium,Noise reduced after lubrication,Resolved
CASE-0116,Generator,GENERATOR-09,Administrative Block,Generator is not starting,Generator cranks but does not start,Checked fuel level and battery,Weak battery,Charged and replaced the battery,3500,2 hours,High,Generator started normally after battery replacement,Resolved
CASE-0117,Water Pump,WATER-PUMP-14,Main Auditorium,Water pressure is very low,Pump runs but water flow is weak,Checked inlet pipe and valve,Clogged inlet filter,Cleaned the inlet filter,700,1 hour,Medium,Water pressure improved after filter cleaning,Resolved
CASE-0118,AC,AC-01,Library,AC making unusual noise,Loud rattling noise from indoor unit,Inspected indoor unit and fan,Loose fan component,Tightened fan assembly and checked mounting,800,1.5 hours,Medium,Noise stopped after tightening the fan assembly,Resolved
CASE-0119,Elevator,ELEVATOR-16,Library,Elevator making unusual noise,Grinding noise while elevator is moving,Inspected guide rails and moving components,Insufficient rail lubrication,Lubricated guide rails and checked alignment,1500,2 hours,Medium,Noise reduced after lubrication,Resolved
CASE-0120,Generator,GENERATOR-17,Main Auditorium,Generator is not starting,Generator cranks but does not start,Checked fuel level and battery,Weak battery,Charged and replaced the battery,3500,2 hours,High,Generator started normally after battery replacement,Resolved
CASE-0121,Generator,GENERATOR-07,Computer Science Block,Generator shuts down during operation,Generator stops after running for several minutes,Checked fuel supply and engine temperature,Engine overheating,Cleaned cooling system and checked coolant level,2500,2 hours,High,Temperature returned to normal after cooling system service,Resolved
CASE-0122,AC,AC-02,Administrative Block,AC leaking water,Water dripping from indoor AC unit,Checked drain pipe,Blocked condensate drain,Flushed and cleaned the condensate drain pipe,600,1 hour,High,Drainage restored after cleaning,Resolved
CASE-0123,AC,AC-04,Laboratory Building,AC is not cooling properly,Room remains warm even after running AC for 30 minutes,Checked thermostat and cleaned outer unit,Clogged air filter,Cleaned and replaced the air filter,500,1 hour,Medium,Airflow improved after filter replacement,Resolved
CASE-0124,AC,AC-20,Main Auditorium,AC leaking water,Water dripping from indoor AC unit,Checked drain pipe,Blocked condensate drain,Flushed and cleaned the condensate drain pipe,600,1 hour,High,Drainage restored after cleaning,Resolved
CASE-0125,AC,AC-01,Main Auditorium,AC is not cooling properly,Room remains warm even after running AC for 30 minutes,Checked thermostat and cleaned outer unit,Clogged air filter,Cleaned and replaced the air filter,500,1 hour,Medium,Airflow improved after filter replacement,Resolved
CASE-0126,Water Pump,WATER-PUMP-13,Computer Science Block,Water pump making loud noise,Grinding sound while pump is running,Inspected pump motor and bearings,Worn motor bearing,Replaced the damaged bearing,1800,2 hours,Medium,Noise disappeared after bearing replacement,Resolved
CASE-0127,Water Pump,WATER-PUMP-07,Engineering Block,Water pump making loud noise,Grinding sound while pump is running,Inspected pump motor and bearings,Worn motor bearing,Replaced the damaged bearing,1800,2 hours,Medium,Noise disappeared after bearing replacement,Resolved
CASE-0128,Generator,GENERATOR-17,Main Auditorium,Generator shuts down during operation,Generator stops after running for several minutes,Checked fuel supply and engine temperature,Engine overheating,Cleaned cooling system and checked coolant level,2500,2 hours,High,Temperature returned to normal after cooling system service,Resolved
CASE-0129,AC,AC-12,Hostel Block B,AC leaking water,Water dripping from indoor AC unit,Checked drain pipe,Blocked condensate drain,Flushed and cleaned the condensate drain pipe,600,1 hour,High,Drainage restored after cleaning,Resolved
CASE-0130,AC,AC-16,Laboratory Building,AC making unusual noise,Loud rattling noise from indoor unit,Inspected indoor unit and fan,Loose fan component,Tightened fan assembly and checked mounting,800,1.5 hours,Medium,Noise stopped after tightening the fan assembly,Resolved
CASE-0131,Generator,GENERATOR-03,Laboratory Building,Generator is not starting,Generator cranks but does not start,Checked fuel level and battery,Weak battery,Charged and replaced the battery,3500,2 hours,High,Generator started normally after battery replacement,Resolved
CASE-0132,Generator,GENERATOR-10,Main Auditorium,Generator is not starting,Generator cranks but does not start,Checked fuel level and battery,Weak battery,Charged and replaced the battery,3500,2 hours,High,Generator started normally after battery replacement,Resolved
CASE-0133,Elevator,ELEVATOR-05,Computer Science Block,Elevator stops between floors,Elevator stops unexpectedly before reaching the selected floor,Checked control panel and safety circuit,Faulty door interlock sensor,Replaced the faulty door interlock sensor,4500,3 hours,Critical,Elevator tested across multiple floors after repair,Resolved
CASE-0134,AC,AC-18,Hostel Block A,AC is not cooling properly,Room remains warm even after running AC for 30 minutes,Checked thermostat and cleaned outer unit,Clogged air filter,Cleaned and replaced the air filter,500,1 hour,Medium,Airflow improved after filter replacement,Resolved
CASE-0135,AC,AC-16,Hostel Block A,AC leaking water,Water dripping from indoor AC unit,Checked drain pipe,Blocked condensate drain,Flushed and cleaned the condensate drain pipe,600,1 hour,High,Drainage restored after cleaning,Resolved
CASE-0136,Elevator,ELEVATOR-04,Administrative Block,Elevator stops between floors,Elevator stops unexpectedly before reaching the selected floor,Checked control panel and safety circuit,Faulty door interlock sensor,Replaced the faulty door interlock sensor,4500,3 hours,Critical,Elevator tested across multiple floors after repair,Resolved
CASE-0137,Generator,GENERATOR-09,Library,Generator shuts down during operation,Generator stops after running for several minutes,Checked fuel supply and engine temperature,Engine overheating,Cleaned cooling system and checked coolant level,2500,2 hours,High,Temperature returned to normal after cooling system service,Resolved
CASE-0138,Elevator,ELEVATOR-04,Administrative Block,Elevator making unusual noise,Grinding noise while elevator is moving,Inspected guide rails and moving components,Insufficient rail lubrication,Lubricated guide rails and checked alignment,1500,2 hours,Medium,Noise reduced after lubrication,Resolved
CASE-0139,Elevator,ELEVATOR-08,Administrative Block,Elevator stops between floors,Elevator stops unexpectedly before reaching the selected floor,Checked control panel and safety circuit,Faulty door interlock sensor,Replaced the faulty door interlock sensor,4500,3 hours,Critical,Elevator tested across multiple floors after repair,Resolved
CASE-0140,Elevator,ELEVATOR-11,Laboratory Building,Elevator making unusual noise,Grinding noise while elevator is moving,Inspected guide rails and moving components,Insufficient rail lubrication,Lubricated guide rails and checked alignment,1500,2 hours,Medium,Noise reduced after lubrication,Resolved
CASE-0141,Generator,GENERATOR-19,Hostel Block B,Generator is not starting,Generator cranks but does not start,Checked fuel level and battery,Weak battery,Charged and replaced the battery,3500,2 hours,High,Generator started normally after battery replacement,Resolved
CASE-0142,AC,AC-07,Library,AC making unusual noise,Loud rattling noise from indoor unit,Inspected indoor unit and fan,Loose fan component,Tightened fan assembly and checked mounting,800,1.5 hours,Medium,Noise stopped after tightening the fan assembly,Resolved
CASE-0143,Elevator,ELEVATOR-19,Hostel Block B,Elevator making unusual noise,Grinding noise while elevator is moving,Inspected guide rails and moving components,Insufficient rail lubrication,Lubricated guide rails and checked alignment,1500,2 hours,Medium,Noise reduced after lubrication,Resolved
CASE-0144,Elevator,ELEVATOR-15,Laboratory Building,Elevator doors are not closing,Doors remain open or repeatedly reopen,Checked door sensor and tracks,Dirty door sensor,Cleaned and recalibrated the door sensor,900,1 hour,High,Doors operated normally after sensor cleaning,Resolved
CASE-0145,Elevator,ELEVATOR-16,Laboratory Building,Elevator stops between floors,Elevator stops unexpectedly before reaching the selected floor,Checked control panel and safety circuit,Faulty door interlock sensor,Replaced the faulty door interlock sensor,4500,3 hours,Critical,Elevator tested across multiple floors after repair,Resolved
CASE-0146,AC,AC-09,Hostel Block B,AC making unusual noise,Loud rattling noise from indoor unit,Inspected indoor unit and fan,Loose fan component,Tightened fan assembly and checked mounting,800,1.5 hours,Medium,Noise stopped after tightening the fan assembly,Resolved
CASE-0147,Elevator,ELEVATOR-04,Administrative Block,Elevator doors are not closing,Doors remain open or repeatedly reopen,Checked door sensor and tracks,Dirty door sensor,Cleaned and recalibrated the door sensor,900,1 hour,High,Doors operated normally after sensor cleaning,Resolved
CASE-0148,AC,AC-17,Engineering Block,AC leaking water,Water dripping from indoor AC unit,Checked drain pipe,Blocked condensate drain,Flushed and cleaned the condensate drain pipe,600,1 hour,High,Drainage restored after cleaning,Resolved
CASE-0149,AC,AC-02,Hostel Block A,AC making unusual noise,Loud rattling noise from indoor unit,Inspected indoor unit and fan,Loose fan component,Tightened fan assembly and checked mounting,800,1.5 hours,Medium,Noise stopped after tightening the fan assembly,Resolved
CASE-0150,AC,AC-07,Main Auditorium,AC leaking water,Water dripping from indoor AC unit,Checked drain pipe,Blocked condensate drain,Flushed and cleaned the condensate drain pipe,600,1 hour,High,Drainage restored after cleaning,Resolved
CASE-0151,AC,AC-04,Hostel Block A,AC leaking water,Water dripping from indoor AC unit,Checked drain pipe,Blocked condensate drain,Flushed and cleaned the condensate drain pipe,600,1 hour,High,Drainage restored after cleaning,Resolved
CASE-0152,AC,AC-05,Library,AC leaking water,Water dripping from indoor AC unit,Checked drain pipe,Blocked condensate drain,Flushed and cleaned the condensate drain pipe,600,1 hour,High,Drainage restored after cleaning,Resolved
CASE-0153,Water Pump,WATER-PUMP-09,Engineering Block,Water pump making loud noise,Grinding sound while pump is running,Inspected pump motor and bearings,Worn motor bearing,Replaced the damaged bearing,1800,2 hours,Medium,Noise disappeared after bearing replacement,Resolved
CASE-0154,Water Pump,WATER-PUMP-06,Laboratory Building,Water pump is not working,Pump does not start when switched on,Checked power supply and control switch,Electrical connection failure,Repaired the electrical connection,1200,1.5 hours,High,Pump started normally after electrical repair,Resolved
CASE-0155,AC,AC-10,Library,AC leaking water,Water dripping from indoor AC unit,Checked drain pipe,Blocked condensate drain,Flushed and cleaned the condensate drain pipe,600,1 hour,High,Drainage restored after cleaning,Resolved
CASE-0156,Elevator,ELEVATOR-13,Engineering Block,Elevator making unusual noise,Grinding noise while elevator is moving,Inspected guide rails and moving components,Insufficient rail lubrication,Lubricated guide rails and checked alignment,1500,2 hours,Medium,Noise reduced after lubrication,Resolved
CASE-0157,AC,AC-15,Library,AC leaking water,Water dripping from indoor AC unit,Checked drain pipe,Blocked condensate drain,Flushed and cleaned the condensate drain pipe,600,1 hour,High,Drainage restored after cleaning,Resolved
CASE-0158,Elevator,ELEVATOR-17,Hostel Block B,Elevator stops between floors,Elevator stops unexpectedly before reaching the selected floor,Checked control panel and safety circuit,Faulty door interlock sensor,Replaced the faulty door interlock sensor,4500,3 hours,Critical,Elevator tested across multiple floors after repair,Resolved
CASE-0159,Generator,GENERATOR-10,Main Auditorium,Generator is not starting,Generator cranks but does not start,Checked fuel level and battery,Weak battery,Charged and replaced the battery,3500,2 hours,High,Generator started normally after battery replacement,Resolved
CASE-0160,Water Pump,WATER-PUMP-11,Laboratory Building,Water pressure is very low,Pump runs but water flow is weak,Checked inlet pipe and valve,Clogged inlet filter,Cleaned the inlet filter,700,1 hour,Medium,Water pressure improved after filter cleaning,Resolved
CASE-0161,Elevator,ELEVATOR-04,Computer Science Block,Elevator making unusual noise,Grinding noise while elevator is moving,Inspected guide rails and moving components,Insufficient rail lubrication,Lubricated guide rails and checked alignment,1500,2 hours,Medium,Noise reduced after lubrication,Resolved
CASE-0162,Water Pump,WATER-PUMP-06,Laboratory Building,Water pressure is very low,Pump runs but water flow is weak,Checked inlet pipe and valve,Clogged inlet filter,Cleaned the inlet filter,700,1 hour,Medium,Water pressure improved after filter cleaning,Resolved
CASE-0163,AC,AC-18,Engineering Block,AC leaking water,Water dripping from indoor AC unit,Checked drain pipe,Blocked condensate drain,Flushed and cleaned the condensate drain pipe,600,1 hour,High,Drainage restored after cleaning,Resolved
CASE-0164,AC,AC-10,Main Auditorium,AC is not cooling properly,Room remains warm even after running AC for 30 minutes,Checked thermostat and cleaned outer unit,Clogged air filter,Cleaned and replaced the air filter,500,1 hour,Medium,Airflow improved after filter replacement,Resolved
CASE-0165,Generator,GENERATOR-13,Main Auditorium,Generator is not starting,Generator cranks but does not start,Checked fuel level and battery,Weak battery,Charged and replaced the battery,3500,2 hours,High,Generator started normally after battery replacement,Resolved
CASE-0166,Elevator,ELEVATOR-18,Administrative Block,Elevator stops between floors,Elevator stops unexpectedly before reaching the selected floor,Checked control panel and safety circuit,Faulty door interlock sensor,Replaced the faulty door interlock sensor,4500,3 hours,Critical,Elevator tested across multiple floors after repair,Resolved
CASE-0167,AC,AC-17,Laboratory Building,AC is not cooling properly,Room remains warm even after running AC for 30 minutes,Checked thermostat and cleaned outer unit,Clogged air filter,Cleaned and replaced the air filter,500,1 hour,Medium,Airflow improved after filter replacement,Resolved
CASE-0168,Elevator,ELEVATOR-10,Administrative Block,Elevator making unusual noise,Grinding noise while elevator is moving,Inspected guide rails and moving components,Insufficient rail lubrication,Lubricated guide rails and checked alignment,1500,2 hours,Medium,Noise reduced after lubrication,Resolved
CASE-0169,AC,AC-09,Library,AC making unusual noise,Loud rattling noise from indoor unit,Inspected indoor unit and fan,Loose fan component,Tightened fan assembly and checked mounting,800,1.5 hours,Medium,Noise stopped after tightening the fan assembly,Resolved
CASE-0170,AC,AC-13,Hostel Block A,AC making unusual noise,Loud rattling noise from indoor unit,Inspected indoor unit and fan,Loose fan component,Tightened fan assembly and checked mounting,800,1.5 hours,Medium,Noise stopped after tightening the fan assembly,Resolved
CASE-0171,Elevator,ELEVATOR-04,Hostel Block A,Elevator making unusual noise,Grinding noise while elevator is moving,Inspected guide rails and moving components,Insufficient rail lubrication,Lubricated guide rails and checked alignment,1500,2 hours,Medium,Noise reduced after lubrication,Resolved
CASE-0172,Elevator,ELEVATOR-10,Library,Elevator doors are not closing,Doors remain open or repeatedly reopen,Checked door sensor and tracks,Dirty door sensor,Cleaned and recalibrated the door sensor,900,1 hour,High,Doors operated normally after sensor cleaning,Resolved
CASE-0173,Generator,GENERATOR-11,Computer Science Block,Generator producing unusual vibration,Strong vibration and abnormal sound during operation,Inspected engine mounting,Loose engine mounting bolts,Tightened engine mounting bolts,1000,1 hour,Medium,Vibration reduced significantly after tightening,Resolved
CASE-0174,Generator,GENERATOR-01,Engineering Block,Generator shuts down during operation,Generator stops after running for several minutes,Checked fuel supply and engine temperature,Engine overheating,Cleaned cooling system and checked coolant level,2500,2 hours,High,Temperature returned to normal after cooling system service,Resolved
CASE-0175,AC,AC-09,Computer Science Block,AC leaking water,Water dripping from indoor AC unit,Checked drain pipe,Blocked condensate drain,Flushed and cleaned the condensate drain pipe,600,1 hour,High,Drainage restored after cleaning,Resolved
CASE-0176,AC,AC-07,Administrative Block,AC is not cooling properly,Room remains warm even after running AC for 30 minutes,Checked thermostat and cleaned outer unit,Clogged air filter,Cleaned and replaced the air filter,500,1 hour,Medium,Airflow improved after filter replacement,Resolved
CASE-0177,Generator,GENERATOR-16,Hostel Block A,Generator shuts down during operation,Generator stops after running for several minutes,Checked fuel supply and engine temperature,Engine overheating,Cleaned cooling system and checked coolant level,2500,2 hours,High,Temperature returned to normal after cooling system service,Resolved
CASE-0178,AC,AC-19,Administrative Block,AC is not cooling properly,Room remains warm even after running AC for 30 minutes,Checked thermostat and cleaned outer unit,Clogged air filter,Cleaned and replaced the air filter,500,1 hour,Medium,Airflow improved after filter replacement,Resolved
CASE-0179,Generator,GENERATOR-14,Hostel Block A,Generator producing unusual vibration,Strong vibration and abnormal sound during operation,Inspected engine mounting,Loose engine mounting bolts,Tightened engine mounting bolts,1000,1 hour,Medium,Vibration reduced significantly after tightening,Resolved
CASE-0180,AC,AC-14,Engineering Block,AC leaking water,Water dripping from indoor AC unit,Checked drain pipe,Blocked condensate drain,Flushed and cleaned the condensate drain pipe,600,1 hour,High,Drainage restored after cleaning,Resolved
CASE-0181,AC,AC-16,Administrative Block,AC is not cooling properly,Room remains warm even after running AC for 30 minutes,Checked thermostat and cleaned outer unit,Clogged air filter,Cleaned and replaced the air filter,500,1 hour,Medium,Airflow improved after filter replacement,Resolved
CASE-0182,Elevator,ELEVATOR-10,Main Auditorium,Elevator doors are not closing,Doors remain open or repeatedly reopen,Checked door sensor and tracks,Dirty door sensor,Cleaned and recalibrated the door sensor,900,1 hour,High,Doors operated normally after sensor cleaning,Resolved
CASE-0183,Water Pump,WATER-PUMP-02,Hostel Block B,Water pump making loud noise,Grinding sound while pump is running,Inspected pump motor and bearings,Worn motor bearing,Replaced the damaged bearing,1800,2 hours,Medium,Noise disappeared after bearing replacement,Resolved
CASE-0184,AC,AC-03,Hostel Block A,AC leaking water,Water dripping from indoor AC unit,Checked drain pipe,Blocked condensate drain,Flushed and cleaned the condensate drain pipe,600,1 hour,High,Drainage restored after cleaning,Resolved
CASE-0185,Water Pump,WATER-PUMP-03,Hostel Block A,Water pump making loud noise,Grinding sound while pump is running,Inspected pump motor and bearings,Worn motor bearing,Replaced the damaged bearing,1800,2 hours,Medium,Noise disappeared after bearing replacement,Resolved
CASE-0186,Elevator,ELEVATOR-14,Computer Science Block,Elevator making unusual noise,Grinding noise while elevator is moving,Inspected guide rails and moving components,Insufficient rail lubrication,Lubricated guide rails and checked alignment,1500,2 hours,Medium,Noise reduced after lubrication,Resolved
CASE-0187,Water Pump,WATER-PUMP-17,Engineering Block,Water pressure is very low,Pump runs but water flow is weak,Checked inlet pipe and valve,Clogged inlet filter,Cleaned the inlet filter,700,1 hour,Medium,Water pressure improved after filter cleaning,Resolved
CASE-0188,Water Pump,WATER-PUMP-13,Administrative Block,Water pump making loud noise,Grinding sound while pump is running,Inspected pump motor and bearings,Worn motor bearing,Replaced the damaged bearing,1800,2 hours,Medium,Noise disappeared after bearing replacement,Resolved
CASE-0189,AC,AC-16,Engineering Block,AC leaking water,Water dripping from indoor AC unit,Checked drain pipe,Blocked condensate drain,Flushed and cleaned the condensate drain pipe,600,1 hour,High,Drainage restored after cleaning,Resolved
CASE-0190,Water Pump,WATER-PUMP-19,Hostel Block A,Water pump making loud noise,Grinding sound while pump is running,Inspected pump motor and bearings,Worn motor bearing,Replaced the damaged bearing,1800,2 hours,Medium,Noise disappeared after bearing replacement,Resolved
CASE-0191,Water Pump,WATER-PUMP-19,Engineering Block,Water pump making loud noise,Grinding sound while pump is running,Inspected pump motor and bearings,Worn motor bearing,Replaced the damaged bearing,1800,2 hours,Medium,Noise disappeared after bearing replacement,Resolved
CASE-0192,Generator,GENERATOR-18,Engineering Block,Generator is not starting,Generator cranks but does not start,Checked fuel level and battery,Weak battery,Charged and replaced the battery,3500,2 hours,High,Generator started normally after battery replacement,Resolved
CASE-0193,AC,AC-02,Hostel Block B,AC leaking water,Water dripping from indoor AC unit,Checked drain pipe,Blocked condensate drain,Flushed and cleaned the condensate drain pipe,600,1 hour,High,Drainage restored after cleaning,Resolved
CASE-0194,Water Pump,WATER-PUMP-14,Hostel Block B,Water pump making loud noise,Grinding sound while pump is running,Inspected pump motor and bearings,Worn motor bearing,Replaced the damaged bearing,1800,2 hours,Medium,Noise disappeared after bearing replacement,Resolved
CASE-0195,AC,AC-17,Main Auditorium,AC is not cooling properly,Room remains warm even after running AC for 30 minutes,Checked thermostat and cleaned outer unit,Clogged air filter,Cleaned and replaced the air filter,500,1 hour,Medium,Airflow improved after filter replacement,Resolved
CASE-0196,Water Pump,WATER-PUMP-02,Laboratory Building,Water pump making loud noise,Grinding sound while pump is running,Inspected pump motor and bearings,Worn motor bearing,Replaced the damaged bearing,1800,2 hours,Medium,Noise disappeared after bearing replacement,Resolved
CASE-0197,Water Pump,WATER-PUMP-16,Engineering Block,Water pump making loud noise,Grinding sound while pump is running,Inspected pump motor and bearings,Worn motor bearing,Replaced the damaged bearing,1800,2 hours,Medium,Noise disappeared after bearing replacement,Resolved
CASE-0198,AC,AC-20,Hostel Block A,AC making unusual noise,Loud rattling noise from indoor unit,Inspected indoor unit and fan,Loose fan component,Tightened fan assembly and checked mounting,800,1.5 hours,Medium,Noise stopped after tightening the fan assembly,Resolved
CASE-0199,Generator,GENERATOR-02,Library,Generator shuts down during operation,Generator stops after running for several minutes,Checked fuel supply and engine temperature,Engine overheating,Cleaned cooling system and checked coolant level,2500,2 hours,High,Temperature returned to normal after cooling system service,Resolved
CASE-0200,AC,AC-13,Hostel Block B,AC making unusual noise,Loud rattling noise from indoor unit,Inspected indoor unit and fan,Loose fan component,Tightened fan assembly and checked mounting,800,1.5 hours,Medium,Noise stopped after tightening the fan assembly,Resolved
CASE-0201,AC,AC-09,Administrative Block,AC is not cooling properly,Room remains warm even after running AC for 30 minutes,Checked thermostat and cleaned outer unit,Clogged air filter,Cleaned and replaced the air filter,500,1 hour,Medium,Airflow improved after filter replacement,Resolved
CASE-0202,Generator,GENERATOR-19,Hostel Block A,Generator is not starting,Generator cranks but does not start,Checked fuel level and battery,Weak battery,Charged and replaced the battery,3500,2 hours,High,Generator started normally after battery replacement,Resolved
CASE-0203,Generator,GENERATOR-07,Hostel Block B,Generator producing unusual vibration,Strong vibration and abnormal sound during operation,Inspected engine mounting,Loose engine mounting bolts,Tightened engine mounting bolts,1000,1 hour,Medium,Vibration reduced significantly after tightening,Resolved
CASE-0204,Water Pump,WATER-PUMP-19,Administrative Block,Water pump making loud noise,Grinding sound while pump is running,Inspected pump motor and bearings,Worn motor bearing,Replaced the damaged bearing,1800,2 hours,Medium,Noise disappeared after bearing replacement,Resolved
CASE-0205,Elevator,ELEVATOR-20,Administrative Block,Elevator doors are not closing,Doors remain open or repeatedly reopen,Checked door sensor and tracks,Dirty door sensor,Cleaned and recalibrated the door sensor,900,1 hour,High,Doors operated normally after sensor cleaning,Resolved
CASE-0206,Generator,GENERATOR-18,Main Auditorium,Generator is not starting,Generator cranks but does not start,Checked fuel level and battery,Weak battery,Charged and replaced the battery,3500,2 hours,High,Generator started normally after battery replacement,Resolved
CASE-0207,Generator,GENERATOR-09,Administrative Block,Generator producing unusual vibration,Strong vibration and abnormal sound during operation,Inspected engine mounting,Loose engine mounting bolts,Tightened engine mounting bolts,1000,1 hour,Medium,Vibration reduced significantly after tightening,Resolved
CASE-0208,Water Pump,WATER-PUMP-06,Administrative Block,Water pump making loud noise,Grinding sound while pump is running,Inspected pump motor and bearings,Worn motor bearing,Replaced the damaged bearing,1800,2 hours,Medium,Noise disappeared after bearing replacement,Resolved
CASE-0209,AC,AC-16,Hostel Block B,AC making unusual noise,Loud rattling noise from indoor unit,Inspected indoor unit and fan,Loose fan component,Tightened fan assembly and checked mounting,800,1.5 hours,Medium,Noise stopped after tightening the fan assembly,Resolved
CASE-0210,Generator,GENERATOR-16,Main Auditorium,Generator is not starting,Generator cranks but does not start,Checked fuel level and battery,Weak battery,Charged and replaced the battery,3500,2 hours,High,Generator started normally after battery replacement,Resolved
CASE-0211,AC,AC-14,Administrative Block,AC leaking water,Water dripping from indoor AC unit,Checked drain pipe,Blocked condensate drain,Flushed and cleaned the condensate drain pipe,600,1 hour,High,Drainage restored after cleaning,Resolved
CASE-0212,Water Pump,WATER-PUMP-12,Laboratory Building,Water pressure is very low,Pump runs but water flow is weak,Checked inlet pipe and valve,Clogged inlet filter,Cleaned the inlet filter,700,1 hour,Medium,Water pressure improved after filter cleaning,Resolved
CASE-0213,Elevator,ELEVATOR-06,Library,Elevator making unusual noise,Grinding noise while elevator is moving,Inspected guide rails and moving components,Insufficient rail lubrication,Lubricated guide rails and checked alignment,1500,2 hours,Medium,Noise reduced after lubrication,Resolved
CASE-0214,Generator,GENERATOR-19,Hostel Block B,Generator shuts down during operation,Generator stops after running for several minutes,Checked fuel supply and engine temperature,Engine overheating,Cleaned cooling system and checked coolant level,2500,2 hours,High,Temperature returned to normal after cooling system service,Resolved
CASE-0215,Generator,GENERATOR-12,Main Auditorium,Generator shuts down during operation,Generator stops after running for several minutes,Checked fuel supply and engine temperature,Engine overheating,Cleaned cooling system and checked coolant level,2500,2 hours,High,Temperature returned to normal after cooling system service,Resolved
CASE-0216,Generator,GENERATOR-08,Engineering Block,Generator producing unusual vibration,Strong vibration and abnormal sound during operation,Inspected engine mounting,Loose engine mounting bolts,Tightened engine mounting bolts,1000,1 hour,Medium,Vibration reduced significantly after tightening,Resolved
CASE-0217,Generator,GENERATOR-17,Laboratory Building,Generator shuts down during operation,Generator stops after running for several minutes,Checked fuel supply and engine temperature,Engine overheating,Cleaned cooling system and checked coolant level,2500,2 hours,High,Temperature returned to normal after cooling system service,Resolved
CASE-0218,Water Pump,WATER-PUMP-05,Main Auditorium,Water pump making loud noise,Grinding sound while pump is running,Inspected pump motor and bearings,Worn motor bearing,Replaced the damaged bearing,1800,2 hours,Medium,Noise disappeared after bearing replacement,Resolved
CASE-0219,Water Pump,WATER-PUMP-06,Hostel Block A,Water pump is not working,Pump does not start when switched on,Checked power supply and control switch,Electrical connection failure,Repaired the electrical connection,1200,1.5 hours,High,Pump started normally after electrical repair,Resolved
CASE-0220,Generator,GENERATOR-14,Computer Science Block,Generator is not starting,Generator cranks but does not start,Checked fuel level and battery,Weak battery,Charged and replaced the battery,3500,2 hours,High,Generator started normally after battery replacement,Resolved
CASE-0221,Water Pump,WATER-PUMP-15,Library,Water pressure is very low,Pump runs but water flow is weak,Checked inlet pipe and valve,Clogged inlet filter,Cleaned the inlet filter,700,1 hour,Medium,Water pressure improved after filter cleaning,Resolved
CASE-0222,Elevator,ELEVATOR-20,Main Auditorium,Elevator stops between floors,Elevator stops unexpectedly before reaching the selected floor,Checked control panel and safety circuit,Faulty door interlock sensor,Replaced the faulty door interlock sensor,4500,3 hours,Critical,Elevator tested across multiple floors after repair,Resolved
CASE-0223,Generator,GENERATOR-17,Administrative Block,Generator shuts down during operation,Generator stops after running for several minutes,Checked fuel supply and engine temperature,Engine overheating,Cleaned cooling system and checked coolant level,2500,2 hours,High,Temperature returned to normal after cooling system service,Resolved
CASE-0224,Elevator,ELEVATOR-11,Engineering Block,Elevator making unusual noise,Grinding noise while elevator is moving,Inspected guide rails and moving components,Insufficient rail lubrication,Lubricated guide rails and checked alignment,1500,2 hours,Medium,Noise reduced after lubrication,Resolved
CASE-0225,Elevator,ELEVATOR-20,Administrative Block,Elevator stops between floors,Elevator stops unexpectedly before reaching the selected floor,Checked control panel and safety circuit,Faulty door interlock sensor,Replaced the faulty door interlock sensor,4500,3 hours,Critical,Elevator tested across multiple floors after repair,Resolved
CASE-0226,Elevator,ELEVATOR-15,Computer Science Block,Elevator doors are not closing,Doors remain open or repeatedly reopen,Checked door sensor and tracks,Dirty door sensor,Cleaned and recalibrated the door sensor,900,1 hour,High,Doors operated normally after sensor cleaning,Resolved
CASE-0227,Water Pump,WATER-PUMP-12,Computer Science Block,Water pump is not working,Pump does not start when switched on,Checked power supply and control switch,Electrical connection failure,Repaired the electrical connection,1200,1.5 hours,High,Pump started normally after electrical repair,Resolved
CASE-0228,Water Pump,WATER-PUMP-17,Hostel Block A,Water pump making loud noise,Grinding sound while pump is running,Inspected pump motor and bearings,Worn motor bearing,Replaced the damaged bearing,1800,2 hours,Medium,Noise disappeared after bearing replacement,Resolved
CASE-0229,AC,AC-01,Laboratory Building,AC leaking water,Water dripping from indoor AC unit,Checked drain pipe,Blocked condensate drain,Flushed and cleaned the condensate drain pipe,600,1 hour,High,Drainage restored after cleaning,Resolved
CASE-0230,Elevator,ELEVATOR-19,Hostel Block A,Elevator doors are not closing,Doors remain open or repeatedly reopen,Checked door sensor and tracks,Dirty door sensor,Cleaned and recalibrated the door sensor,900,1 hour,High,Doors operated normally after sensor cleaning,Resolved
CASE-0231,AC,AC-17,Engineering Block,AC making unusual noise,Loud rattling noise from indoor unit,Inspected indoor unit and fan,Loose fan component,Tightened fan assembly and checked mounting,800,1.5 hours,Medium,Noise stopped after tightening the fan assembly,Resolved
CASE-0232,Generator,GENERATOR-04,Main Auditorium,Generator producing unusual vibration,Strong vibration and abnormal sound during operation,Inspected engine mounting,Loose engine mounting bolts,Tightened engine mounting bolts,1000,1 hour,Medium,Vibration reduced significantly after tightening,Resolved
CASE-0233,AC,AC-20,Engineering Block,AC is not cooling properly,Room remains warm even after running AC for 30 minutes,Checked thermostat and cleaned outer unit,Clogged air filter,Cleaned and replaced the air filter,500,1 hour,Medium,Airflow improved after filter replacement,Resolved
CASE-0234,Generator,GENERATOR-09,Laboratory Building,Generator is not starting,Generator cranks but does not start,Checked fuel level and battery,Weak battery,Charged and replaced the battery,3500,2 hours,High,Generator started normally after battery replacement,Resolved
CASE-0235,Generator,GENERATOR-07,Main Auditorium,Generator is not starting,Generator cranks but does not start,Checked fuel level and battery,Weak battery,Charged and replaced the battery,3500,2 hours,High,Generator started normally after battery replacement,Resolved
CASE-0236,Generator,GENERATOR-19,Library,Generator producing unusual vibration,Strong vibration and abnormal sound during operation,Inspected engine mounting,Loose engine mounting bolts,Tightened engine mounting bolts,1000,1 hour,Medium,Vibration reduced significantly after tightening,Resolved
CASE-0237,Generator,GENERATOR-01,Engineering Block,Generator producing unusual vibration,Strong vibration and abnormal sound during operation,Inspected engine mounting,Loose engine mounting bolts,Tightened engine mounting bolts,1000,1 hour,Medium,Vibration reduced significantly after tightening,Resolved
CASE-0238,Elevator,ELEVATOR-20,Administrative Block,Elevator making unusual noise,Grinding noise while elevator is moving,Inspected guide rails and moving components,Insufficient rail lubrication,Lubricated guide rails and checked alignment,1500,2 hours,Medium,Noise reduced after lubrication,Resolved
CASE-0239,Elevator,ELEVATOR-06,Laboratory Building,Elevator making unusual noise,Grinding noise while elevator is moving,Inspected guide rails and moving components,Insufficient rail lubrication,Lubricated guide rails and checked alignment,1500,2 hours,Medium,Noise reduced after lubrication,Resolved
CASE-0240,AC,AC-14,Laboratory Building,AC is not cooling properly,Room remains warm even after running AC for 30 minutes,Checked thermostat and cleaned outer unit,Clogged air filter,Cleaned and replaced the air filter,500,1 hour,Medium,Airflow improved after filter replacement,Resolved
CASE-0241,Generator,GENERATOR-09,Main Auditorium,Generator shuts down during operation,Generator stops after running for several minutes,Checked fuel supply and engine temperature,Engine overheating,Cleaned cooling system and checked coolant level,2500,2 hours,High,Temperature returned to normal after cooling system service,Resolved
CASE-0242,Generator,GENERATOR-02,Computer Science Block,Generator is not starting,Generator cranks but does not start,Checked fuel level and battery,Weak battery,Charged and replaced the battery,3500,2 hours,High,Generator started normally after battery replacement,Resolved
CASE-0243,AC,AC-02,Engineering Block,AC is not cooling properly,Room remains warm even after running AC for 30 minutes,Checked thermostat and cleaned outer unit,Clogged air filter,Cleaned and replaced the air filter,500,1 hour,Medium,Airflow improved after filter replacement,Resolved
CASE-0244,Elevator,ELEVATOR-15,Laboratory Building,Elevator making unusual noise,Grinding noise while elevator is moving,Inspected guide rails and moving components,Insufficient rail lubrication,Lubricated guide rails and checked alignment,1500,2 hours,Medium,Noise reduced after lubrication,Resolved
CASE-0245,AC,AC-17,Library,AC leaking water,Water dripping from indoor AC unit,Checked drain pipe,Blocked condensate drain,Flushed and cleaned the condensate drain pipe,600,1 hour,High,Drainage restored after cleaning,Resolved
CASE-0246,AC,AC-05,Laboratory Building,AC leaking water,Water dripping from indoor AC unit,Checked drain pipe,Blocked condensate drain,Flushed and cleaned the condensate drain pipe,600,1 hour,High,Drainage restored after cleaning,Resolved
CASE-0247,AC,AC-14,Engineering Block,AC is not cooling properly,Room remains warm even after running AC for 30 minutes,Checked thermostat and cleaned outer unit,Clogged air filter,Cleaned and replaced the air filter,500,1 hour,Medium,Airflow improved after filter replacement,Resolved
CASE-0248,AC,AC-07,Laboratory Building,AC is not cooling properly,Room remains warm even after running AC for 30 minutes,Checked thermostat and cleaned outer unit,Clogged air filter,Cleaned and replaced the air filter,500,1 hour,Medium,Airflow improved after filter replacement,Resolved
CASE-0249,Water Pump,WATER-PUMP-04,Hostel Block A,Water pressure is very low,Pump runs but water flow is weak,Checked inlet pipe and valve,Clogged inlet filter,Cleaned the inlet filter,700,1 hour,Medium,Water pressure improved after filter cleaning,Resolved
CASE-0250,Elevator,ELEVATOR-04,Hostel Block B,Elevator making unusual noise,Grinding noise while elevator is moving,Inspected guide rails and moving components,Insufficient rail lubrication,Lubricated guide rails and checked alignment,1500,2 hours,Medium,Noise reduced after lubrication,Resolved
FEEDBACK-0251,AC,AC-TEST-01,Engineering Block,The AC is running but the classroom is still very warm,The AC is running but the classroom is still very warm,Technician inspection,Faulty thermostat,Replaced the thermostat,₹1200,2 hours,Medium,Added from technician feedback,Confirmed
FEEDBACK-0252,Unknown,Unknown,Unknown,the generator is not starting,the generator is not starting,Technician inspection,faulty fuel injection,replaced the faulty fuel injector,₹2800,3 hours,Medium,Added from technician feedback,Confirmed
